{"rmse": 0.996234767166093, "mae": 0.773613064809852, "prec10t4": 0.8130230930695237, "tailprec10t4": 0.8293756466392201, "prec10t4_frac": 0.751562909589317, "tailprec10t4_frac": 0.712802851411261, "prec5t4": 0.813994467612517, "tailprec5t4": 0.8298980157471189, "prec5t4_frac": 0.751562909589317, "tailprec5t4_frac": 0.712802851411261, "rec10t4": 0.9762983866750348, "tailrec10t4": 0.9834271403722585, "rec10t4_frac": 0.751562909589317, "tailrec10t4_frac": 0.712802851411261, "rec5t4": 0.924311054064526, "tailrec5t4": 0.942143652587146, "rec5t4_frac": 0.751562909589317, "tailrec5t4_frac": 0.712802851411261, "ndcg10": 0.7983219611316078, "tailndcg10": 0.8002051147547057, "ndcg10_frac": 0.06104623790563548, "tailndcg10_frac": 0.042684598479342785, "ndcg5": 0.7979861757286456, "tailndcg5": 0.8010094969090339, "ndcg5_frac": 0.17610861204473388, "tailndcg5_frac": 0.13613914404109054, "ndcgfull": 0.9545362394858827, "tailndcgfull": 0.9612511628569329, "ndcgfull_frac": 1.0, "tailndcgfull_frac": 1.0, "hits": 1.6977905787901957, "tailhits": 1.4171200692199202, "hits_frac": 1.0, "tailhits_frac": 1.0, "normhits": 0.8125762712309049, "tailnormhits": 0.8291104793155476, "normhits_frac": 0.751562909589317, "tailnormhits_frac": 0.712802851411261, "avgrating": 3.8344156001856478, "tailavgrating": 3.8098040440401797, "avgrating_frac": 1.0, "tailavgrating_frac": 1.0, "avgest": 3.899133502174376, "tailavgest": 3.8776580883880114, "avgest_frac": 1.0, "tailavgest_frac": 1.0, "falsepos": 0.40903768524844847, "tailfalsepos": 0.3216806588177307, "falsepos_frac": 1.0, "tailfalsepos_frac": 1.0, "totalhits": 14573.2, "tailtotalhits": 10378.6, "totalhits_frac": 1.0, "tailtotalhits_frac": 1.0}