{"rmse": 0.7840331623573211, "mae": 0.6030744425193643, "prec10t4": 0.828163398882127, "tailprec10t4": 0.8416585082642417, "prec10t4_frac": 0.751562909589317, "tailprec10t4_frac": 0.712802851411261, "prec5t4": 0.8305523759586084, "tailprec5t4": 0.8432195757867438, "prec5t4_frac": 0.751562909589317, "tailprec5t4_frac": 0.712802851411261, "rec10t4": 0.9775727826446907, "tailrec10t4": 0.9843170253159188, "rec10t4_frac": 0.751562909589317, "tailrec10t4_frac": 0.712802851411261, "rec5t4": 0.9283901940235761, "tailrec5t4": 0.945487252823175, "rec5t4_frac": 0.751562909589317, "tailrec5t4_frac": 0.712802851411261, "ndcg10": 0.829414131880813, "tailndcg10": 0.8289051184397753, "ndcg10_frac": 0.06104623790563548, "tailndcg10_frac": 0.042684598479342785, "ndcg5": 0.8281931869914096, "tailndcg5": 0.8304352243329411, "ndcg5_frac": 0.17610861204473388, "tailndcg5_frac": 0.13613914404109054, "ndcgfull": 0.9598793917503524, "tailndcgfull": 0.9650869155654892, "ndcgfull_frac": 1.0, "tailndcgfull_frac": 1.0, "hits": 1.7266313654484413, "tailhits": 1.4388016661512164, "hits_frac": 1.0, "tailhits_frac": 1.0, "normhits": 0.8272803528825305, "tailnormhits": 0.8411875842139791, "normhits_frac": 0.751562909589317, "tailnormhits_frac": 0.712802851411261, "avgrating": 3.8344156001856478, "tailavgrating": 3.8098040440401797, "avgrating_frac": 1.0, "tailavgrating_frac": 1.0, "avgest": 3.87491412879059, "tailavgest": 3.859456014905178, "avgest_frac": 1.0, "tailavgest_frac": 1.0, "falsepos": 0.38019689859020256, "tailfalsepos": 0.2999990618864347, "falsepos_frac": 1.0, "tailfalsepos_frac": 1.0, "totalhits": 14820.8, "tailtotalhits": 10537.4, "totalhits_frac": 1.0, "tailtotalhits_frac": 1.0}