{"rmse": 0.9120060370807437, "mae": 0.7183177757704423, "prec10t4": 0.8270871570498572, "tailprec10t4": 0.8407807736801669, "prec10t4_frac": 0.751562909589317, "tailprec10t4_frac": 0.712802851411261, "prec5t4": 0.8287131402319405, "tailprec5t4": 0.8419012836504299, "prec5t4_frac": 0.751562909589317, "tailprec5t4_frac": 0.712802851411261, "rec10t4": 0.9773735847077564, "tailrec10t4": 0.9844088402625045, "rec10t4_frac": 0.751562909589317, "tailrec10t4_frac": 0.712802851411261, "rec5t4": 0.9278886855435594, "tailrec5t4": 0.9456850012246379, "rec5t4_frac": 0.751562909589317, "tailrec5t4_frac": 0.712802851411261, "ndcg10": 0.8220149616990209, "tailndcg10": 0.8241190955046036, "ndcg10_frac": 0.06104623790563548, "tailndcg10_frac": 0.042684598479342785, "ndcg5": 0.8212990478194317, "tailndcg5": 0.8256816584076929, "ndcg5_frac": 0.17610861204473388, "tailndcg5_frac": 0.13613914404109054, "ndcgfull": 0.958604647907188, "tailndcgfull": 0.9645371509096874, "ndcgfull_frac": 1.0, "tailndcgfull_frac": 1.0, "hits": 1.726071093339949, "tailhits": 1.4371148744593554, "hits_frac": 1.0, "tailhits_frac": 1.0, "normhits": 0.8263072577167261, "tailnormhits": 0.8402466609570226, "normhits_frac": 0.751562909589317, "tailnormhits_frac": 0.712802851411261, "avgrating": 3.8344156001856478, "tailavgrating": 3.8098040440401797, "avgrating_frac": 1.0, "tailavgrating_frac": 1.0, "avgest": 3.88026364116777, "tailavgest": 3.856440135260449, "avgest_frac": 1.0, "tailavgest_frac": 1.0, "falsepos": 0.3807571706986952, "tailfalsepos": 0.3016858535782955, "falsepos_frac": 1.0, "tailfalsepos_frac": 1.0, "totalhits": 14816.0, "tailtotalhits": 10525.0, "totalhits_frac": 1.0, "tailtotalhits_frac": 1.0}