{"rmse": 0.785067602729306, "mae": 0.6040672043669163, "prec10t4": 0.8288209595469059, "tailprec10t4": 0.8418305289090411, "prec10t4_frac": 0.751562909589317, "tailprec10t4_frac": 0.712802851411261, "prec5t4": 0.8311541230432787, "tailprec5t4": 0.843053632462404, "prec5t4_frac": 0.751562909589317, "tailprec5t4_frac": 0.712802851411261, "rec10t4": 0.9775516648682846, "tailrec10t4": 0.984353446739196, "rec10t4_frac": 0.751562909589317, "tailrec10t4_frac": 0.712802851411261, "rec5t4": 0.9275896852674477, "tailrec5t4": 0.9451935554463036, "rec5t4_frac": 0.751562909589317, "tailrec5t4_frac": 0.712802851411261, "ndcg10": 0.8277117764990652, "tailndcg10": 0.8260486650005687, "ndcg10_frac": 0.06104623790563548, "tailndcg10_frac": 0.042684598479342785, "ndcg5": 0.8268199587576432, "tailndcg5": 0.8274963996342592, "ndcg5_frac": 0.17610861204473388, "tailndcg5_frac": 0.13613914404109054, "ndcgfull": 0.9600973334856956, "tailndcgfull": 0.9649822080783753, "ndcgfull_frac": 1.0, "tailndcgfull_frac": 1.0, "hits": 1.7254968646144087, "tailhits": 1.4379890475201604, "hits_frac": 1.0, "tailhits_frac": 1.0, "normhits": 0.8280020930499262, "tailnormhits": 0.8413819913068157, "normhits_frac": 0.751562909589317, "tailnormhits_frac": 0.712802851411261, "avgrating": 3.8344156001856478, "tailavgrating": 3.8098040440401797, "avgrating_frac": 1.0, "tailavgrating_frac": 1.0, "avgest": 3.8754183209382327, "tailavgest": 3.859985145340219, "avgest_frac": 1.0, "tailavgest_frac": 1.0, "falsepos": 0.38133139942423594, "tailfalsepos": 0.30081168051749074, "falsepos_frac": 1.0, "tailfalsepos_frac": 1.0, "totalhits": 14811.0, "tailtotalhits": 10531.4, "totalhits_frac": 1.0, "tailtotalhits_frac": 1.0}