{"rmse": 0.979107985431282, "mae": 0.7593997957827048, "prec10t4": 0.8098269041824574, "tailprec10t4": 0.8273213315864962, "prec10t4_frac": 0.751562909589317, "tailprec10t4_frac": 0.712802851411261, "prec5t4": 0.8113614494597657, "tailprec5t4": 0.828510474430621, "prec5t4_frac": 0.751562909589317, "tailprec5t4_frac": 0.712802851411261, "rec10t4": 0.9768948759378852, "tailrec10t4": 0.9840692762413898, "rec10t4_frac": 0.751562909589317, "tailrec10t4_frac": 0.712802851411261, "rec5t4": 0.9253252181345589, "tailrec5t4": 0.9436221990984887, "rec5t4_frac": 0.751562909589317, "tailrec5t4_frac": 0.712802851411261, "ndcg10": 0.8080140433808121, "tailndcg10": 0.8119450371785136, "ndcg10_frac": 0.06104623790563548, "tailndcg10_frac": 0.042684598479342785, "ndcg5": 0.80600846032272, "tailndcg5": 0.8107306816061751, "ndcg5_frac": 0.17610861204473388, "tailndcg5_frac": 0.13613914404109054, "ndcgfull": 0.9543676099651177, "tailndcgfull": 0.9611512335248928, "ndcgfull_frac": 1.0, "tailndcgfull_frac": 1.0, "hits": 1.6989482160985627, "tailhits": 1.4174941136689074, "hits_frac": 1.0, "tailhits_frac": 1.0, "normhits": 0.8091980208401575, "tailnormhits": 0.8269759652873894, "normhits_frac": 0.751562909589317, "tailnormhits_frac": 0.712802851411261, "avgrating": 3.8344156001856478, "tailavgrating": 3.8098040440401797, "avgrating_frac": 1.0, "tailavgrating_frac": 1.0, "avgest": 3.9236506416771375, "tailavgest": 3.900460503366273, "avgest_frac": 1.0, "tailavgest_frac": 1.0, "falsepos": 0.4078800479400816, "tailfalsepos": 0.32130661436874364, "falsepos_frac": 1.0, "tailfalsepos_frac": 1.0, "totalhits": 14583.2, "tailtotalhits": 10381.4, "totalhits_frac": 1.0, "tailtotalhits_frac": 1.0}