{"rmse": 0.7845635083730167, "mae": 0.6036153715234898, "prec10t4": 0.8288048621036077, "tailprec10t4": 0.8419457244065722, "prec10t4_frac": 0.751562909589317, "tailprec10t4_frac": 0.712802851411261, "prec5t4": 0.8312211203192883, "tailprec5t4": 0.8434405104088789, "prec5t4_frac": 0.751562909589317, "tailprec5t4_frac": 0.712802851411261, "rec10t4": 0.9776498702863898, "tailrec10t4": 0.9843545126835744, "rec10t4_frac": 0.751562909589317, "tailrec10t4_frac": 0.712802851411261, "rec5t4": 0.9277268067507244, "tailrec5t4": 0.9452992449000392, "rec5t4_frac": 0.751562909589317, "tailrec5t4_frac": 0.712802851411261, "ndcg10": 0.828520104038448, "tailndcg10": 0.8258924915992782, "ndcg10_frac": 0.06104623790563548, "tailndcg10_frac": 0.042684598479342785, "ndcg5": 0.8279471905011059, "tailndcg5": 0.829113040206581, "ndcg5_frac": 0.17610861204473388, "tailndcg5_frac": 0.13613914404109054, "ndcgfull": 0.9601195287967197, "tailndcgfull": 0.9651314702887331, "ndcgfull_frac": 1.0, "tailndcgfull_frac": 1.0, "hits": 1.726519794364266, "tailhits": 1.4379079998057411, "hits_frac": 1.0, "tailhits_frac": 1.0, "normhits": 0.8279366436513621, "tailnormhits": 0.8414806268118431, "normhits_frac": 0.751562909589317, "tailnormhits_frac": 0.712802851411261, "avgrating": 3.8344156001856478, "tailavgrating": 3.8098040440401797, "avgrating_frac": 1.0, "tailavgrating_frac": 1.0, "avgest": 3.8751248725326044, "tailavgest": 3.859728987426093, "avgest_frac": 1.0, "tailavgest_frac": 1.0, "falsepos": 0.38030846967437815, "tailfalsepos": 0.30089272823190993, "falsepos_frac": 1.0, "tailfalsepos_frac": 1.0, "totalhits": 14819.8, "tailtotalhits": 10530.8, "totalhits_frac": 1.0, "tailtotalhits_frac": 1.0}