{"rmse": 0.9640825038393933, "mae": 0.7414859995517616, "prec10t4": 0.813188131041304, "tailprec10t4": 0.8292017871044418, "prec10t4_frac": 0.751562909589317, "tailprec10t4_frac": 0.712802851411261, "prec5t4": 0.8149081670626466, "tailprec5t4": 0.8304466736920417, "prec5t4_frac": 0.751562909589317, "tailprec5t4_frac": 0.712802851411261, "rec10t4": 0.9773411680832691, "tailrec10t4": 0.9842740994471706, "rec10t4_frac": 0.751562909589317, "tailrec10t4_frac": 0.712802851411261, "rec5t4": 0.9261062729219608, "tailrec5t4": 0.9446187952808549, "rec5t4_frac": 0.751562909589317, "tailrec5t4_frac": 0.712802851411261, "ndcg10": 0.8131066497065012, "tailndcg10": 0.8154974678354605, "ndcg10_frac": 0.06104623790563548, "tailndcg10_frac": 0.042684598479342785, "ndcg5": 0.810875748901096, "tailndcg5": 0.8149695710607044, "ndcg5_frac": 0.17610861204473388, "tailndcg5_frac": 0.13613914404109054, "ndcgfull": 0.9551820196609132, "tailndcgfull": 0.9616866874707831, "ndcgfull_frac": 1.0, "tailndcgfull_frac": 1.0, "hits": 1.706201652565031, "tailhits": 1.421871374385949, "hits_frac": 1.0, "tailhits_frac": 1.0, "normhits": 0.8124363871537099, "tailnormhits": 0.8287389879254535, "normhits_frac": 0.751562909589317, "tailnormhits_frac": 0.712802851411261, "avgrating": 3.8344156001856478, "tailavgrating": 3.8098040440401797, "avgrating_frac": 1.0, "tailavgrating_frac": 1.0, "avgest": 3.93121672082923, "tailavgest": 3.9067093218125164, "avgest_frac": 1.0, "tailavgest_frac": 1.0, "falsepos": 0.400626611473613, "tailfalsepos": 0.31692935365170205, "falsepos_frac": 1.0, "tailfalsepos_frac": 1.0, "totalhits": 14645.4, "tailtotalhits": 10413.4, "totalhits_frac": 1.0, "tailtotalhits_frac": 1.0}