{"lb": {"25-34": 1.3192422282755987, "45-49": 5.943155079083409, "under 18": 23.759434544595827, "35-44": 2.4460751943632, "56+": 7.140851898653053, "18-24": 7.369377215691841, "50-55": 18.714872258175173, "spain": 304.702666177701, "malaysia": -444.63802405752597, "italy": 459.3258708020662, "usa": 1.0184753252959968, "philippine": -4588.56406847134, "canada": 3.4500537899236132, "france": -18.511628280641904, "portugal": -5.207103720456929, "austria": -596.0318524371551, "netherlands": -172.4986311803542, "germany": 26.095139635986335, "switzerland": 10.201332143131948, "romania": 181.79925288448666, "singapore": -994.6490125125512, "ireland": -45.452683377648874, "united kingdom": 18.470965210536765, "australia": 136.99407068298655, "finland": -125.39587119665558, "new zealand": 240.82285086703612, "japan": 954.0055123782009}, "nb": {"25-34": 2.497114808152495, "45-49": -1.2910919373215282, "under 18": 0.9458286599119666, "35-44": 1.0697112643614657, "56+": -1.1392398872868805, "18-24": -0.4198888057884191, "50-55": -0.8572059154042533, "spain": 2.88898812631411, "malaysia": -0.08986833649569097, "italy": -0.9329430298475633, "usa": 1.5707823502784677, "philippine": -0.07536045259022874, "canada": 1.5431362351320699, "france": 5.865788636598299, "portugal": 4.541606475872968, "austria": -0.5060069969852671, "netherlands": 3.8821689366143204, "germany": 0.9920011591087087, "switzerland": 8.249871335657097, "romania": 1.8911200073384913, "singapore": 0.266214474085254, "ireland": 4.768334904688994, "united kingdom": 0.5291989154220885, "australia": 0.9037183272823249, "finland": 2.86721842996386, "new zealand": 2.8446481909905725, "japan": 2.4645154988072484}}