{"lb": {"25-34": -0.2460430183605443, "45-49": -0.32315150110330826, "under 18": -0.48820531793445016, "35-44": -0.2358438772635449, "56+": -0.25809328679176236, "18-24": -0.1755626971685168, "50-55": -0.492310742019874, "spain": -2.963274723513274, "malaysia": 1.062312223198853, "italy": 1.1555055245572272, "usa": -0.5318378355724338, "philippine": 0.9921890005508223, "canada": -0.2799327540974912, "france": 0.6262415006083042, "portugal": 0.22021818789983363, "austria": -3.628146167744893, "netherlands": 3.5834527339173685, "germany": -0.5711982822067943, "switzerland": -0.30625260135712096, "romania": -1.1895797966159727, "singapore": 2.419187674846097, "ireland": 0.9318149983425102, "united kingdom": -0.3831461537455887, "australia": -0.9664748974230669, "finland": 1.5383501911336936, "new zealand": -1.9040987910745364, "japan": -7.266453860134249}, "nb": {"25-34": -0.19533814733337984, "45-49": -0.06419706845711434, "under 18": -0.02543724585439758, "35-44": -0.11080993000245265, "56+": -0.04213248850439327, "18-24": -0.02888654468655223, "50-55": -0.04339849068367332, "spain": -0.023490885789797755, "malaysia": 0.0004660160112930628, "italy": 0.00353499023930776, "usa": -0.528156921051909, "philippine": 0.00029499341286788437, "canada": -0.09021112458986714, "france": -0.031291459584377776, "portugal": -0.041003558584152035, "austria": 0.0018939930561730671, "netherlands": -0.015005276705615331, "germany": -0.02722402119250557, "switzerland": -0.030328634160827792, "romania": -0.007536624173718193, "singapore": -0.0010252203103304717, "ireland": -0.020061310558285445, "united kingdom": -0.025061876195750246, "australia": -0.013358676631798839, "finland": -0.011450019247547967, "new zealand": -0.010656466183703117, "japan": -0.010071381872490022}, "not-like": {"25-34": -0.18650329188002934, "45-49": -0.054373728567275875, "under 18": -0.02054785087658975, "35-44": -0.09641726378936744, "56+": -0.036143206784675835, "18-24": -0.023823274617383646, "50-55": -0.02630585639209047, "spain": -0.009725135525348858, "malaysia": -0.0023891618928690954, "italy": 0.0025156552199846814, "usa": -0.5221902017291064, "philippine": -0.00021623082640782776, "canada": -0.08113866366810736, "france": -0.0338296281188393, "portugal": -0.04229187658288267, "austria": 0.006087168249330166, "netherlands": -0.02077380388120718, "germany": -0.02188906785611091, "switzerland": -0.030020844048618264, "romania": -0.006543370105991685, "singapore": -0.0024322023592373196, "ireland": -0.020500769791750636, "united kingdom": -0.020743158214981797, "australia": -0.007054866627472911, "finland": -0.012267949306888525, "new zealand": -0.00790663670087451, "japan": -0.007616783934528855}}