{"lb": {"25-34": -2.1121556038450917, "45-49": -12.897731828126524, "under 18": -37.50942483355122, "35-44": -2.7611702697150067, "56+": -8.093726465640648, "18-24": -4.712210122909557, "50-55": -19.151822631804784, "spain": -350.26477092450654, "malaysia": 421.2581987026937, "italy": 617.5925831905215, "usa": -1.5325556757365044, "philippine": 1355.2199315301393, "canada": -5.933126458828377, "france": 101.2945627233932, "portugal": 58.85091704027511, "austria": -2027.3091290949083, "netherlands": 1295.6289546484181, "germany": -32.50805779244501, "switzerland": -117.6488508900965, "romania": -1462.3504439800151, "singapore": 2287.62108360639, "ireland": 1272.7557527360527, "united kingdom": -25.05327482975809, "australia": -110.0081103150163, "finland": 1575.9115749672073, "new zealand": -1170.3543219339638, "japan": -11165.81466282879}, "nb": {"25-34": -0.11711261012714225, "45-49": -0.11392014905375739, "under 18": 0.0014568914587656315, "35-44": -0.007221294737779105, "56+": -0.07911547073189631, "18-24": -0.09768224556815203, "50-55": -0.09402633855988267, "spain": -0.01535970464168816, "malaysia": 0.005651557765650644, "italy": 0.007324064305154368, "usa": -0.19191879044248528, "philippine": 0.00420942601947531, "canada": -0.03175152618496909, "france": -0.025956889670088402, "portugal": -0.03197513245300634, "austria": 0.005637010578573479, "netherlands": -0.011140097999945302, "germany": 0.00021951649142794294, "switzerland": -0.02665237874703204, "romania": -0.0035513539928347364, "singapore": 0.0028258862602392014, "ireland": -0.01585411644141292, "united kingdom": 0.022296263561132887, "australia": 0.0014232263445093304, "finland": -0.007456595123355138, "new zealand": -0.006910320626071862, "japan": -0.005984825355655671}}