Group Name,# Ratings,Similar Users Effect Ratio
25-34,36884,1.3192422282755987
35-44,26914,2.4460751943632
usa,106953,1.0184753252959968
